{
    "XGBoost": {
        "best_params": {
            "regressor__learning_rate": 0.3,
            "regressor__max_depth": 4,
            "regressor__n_estimators": 25
        },
        "cv_metrics": {
            "cv_R2_train": 0.4173173219126614,
            "cv_R2_test": 0.8094217414066451
        },
        "prediction_metrics": {
            "Model": "",
            "R2": 0.7739745967084243,
            "MSE": 109.73796515709829,
            "RMSE": 10.475589012418265,
            "NRMSE": 0.4754212903221476,
            "MARD": 6.291921919923871,
            "MAE": 7.9814315164271
        }
    }
}