{
    "XGBoost_Tuned": {
        "best_params": {
            "regressor__colsample_bytree": 0.8,
            "regressor__gamma": 0.1,
            "regressor__learning_rate": 0.1,
            "regressor__max_depth": 7,
            "regressor__min_child_weight": 2,
            "regressor__n_estimators": 60,
            "regressor__subsample": 1.0
        },
        "cv_metrics": {
            "cv_R2_train": 0.6316372761556491,
            "cv_R2_test": 0.9846167039970467
        },
        "prediction_metrics": {
            "Model": "",
            "R2": 0.9819749283497198,
            "MSE": 5.406642664004604,
            "RMSE": 2.3252188421747757,
            "NRMSE": 0.134257482660298,
            "MARD": 1.545699118734066,
            "MAE": 1.6652604601479635
        }
    }
}