{
    "XGBoost": {
        "best_params": {
            "regressor__learning_rate": 0.1,
            "regressor__max_depth": 2,
            "regressor__n_estimators": 25
        },
        "metrics": {
            "Model": "",
            "R2": 0.2891742563024079,
            "MSE": 235.32655705672514,
            "RMSE": 15.340357135892408,
            "NRMSE": 0.8431048236711685,
            "MARD": 11.070483765782017,
            "MAE": 11.610386028318826
        }
    }
}