{
    "XGBoost": {
        "best_params": {
            "regressor__learning_rate": 0.3,
            "regressor__max_depth": 4,
            "regressor__n_estimators": 25
        },
        "cv_metrics": {
            "cv_R2_train": 0.582888259292001,
            "cv_R2_test": 0.8403355779291901
        },
        "prediction_metrics": {
            "Model": "",
            "R2": 0.8226975277037853,
            "MSE": 71.02882002194505,
            "RMSE": 8.427859753338629,
            "NRMSE": 0.4210730011485118,
            "MARD": 5.137087401476462,
            "MAE": 6.492863977096871
        }
    }
}