{
    "XGBoost": {
        "best_params": {
            "regressor__learning_rate": 0.1,
            "regressor__max_depth": 4,
            "regressor__n_estimators": 25
        },
        "cv_metrics": {
            "cv_R2_train": 0.4446394657685924,
            "cv_R2_test": 0.6901028303670644
        },
        "prediction_metrics": {
            "Model": "",
            "R2": 0.6626557525736415,
            "MSE": 118.70583809131912,
            "RMSE": 10.895220883089939,
            "NRMSE": 0.5808134359898697,
            "MARD": 7.074886448278557,
            "MAE": 7.987109160620319
        }
    }
}