{
    "XGBoost": {
        "best_params": {
            "regressor__learning_rate": 0.3,
            "regressor__max_depth": 4,
            "regressor__n_estimators": 25
        },
        "cv_metrics": {
            "cv_R2_train": 0.36984648731926517,
            "cv_R2_test": 0.7733827300538616
        },
        "prediction_metrics": {
            "Model": "",
            "R2": 0.7555219871295535,
            "MSE": 90.54547131998824,
            "RMSE": 9.51553841461366,
            "NRMSE": 0.4944471790499431,
            "MARD": 7.652958890161865,
            "MAE": 7.110676000488009
        }
    }
}