{
    "XGBoost_Tuned": {
        "best_params": {
            "regressor__colsample_bytree": 0.8,
            "regressor__gamma": 0.1,
            "regressor__learning_rate": 0.1,
            "regressor__max_depth": 9,
            "regressor__min_child_weight": 3,
            "regressor__n_estimators": 60,
            "regressor__subsample": 1.0
        },
        "cv_metrics": {
            "cv_R2_train": 0.6342717213747242,
            "cv_R2_test": 0.9944777630695398
        },
        "prediction_metrics": {
            "Model": "",
            "R2": 0.9930476378123778,
            "MSE": 3.734907502863118,
            "RMSE": 1.932590878293468,
            "NRMSE": 0.08338082625893194,
            "MARD": 1.208528325655589,
            "MAE": 1.4011407101016247
        }
    }
}