{
    "XGBoost": {
        "best_params": {
            "regressor__learning_rate": 0.3,
            "regressor__max_depth": 4,
            "regressor__n_estimators": 25
        },
        "cv_metrics": {
            "cv_R2_train": 0.41339601035280504,
            "cv_R2_test": 0.8264621087859068
        },
        "prediction_metrics": {
            "Model": "",
            "R2": 0.7899740417905371,
            "MSE": 95.04212474153259,
            "RMSE": 9.748955058955426,
            "NRMSE": 0.4582858913489078,
            "MARD": 5.934873952040432,
            "MAE": 7.031919185252161
        }
    }
}