{
    "XGBoost": {
        "best_params": {
            "regressor__learning_rate": 0.1,
            "regressor__max_depth": 2,
            "regressor__n_estimators": 25
        },
        "metrics": {
            "Model": "",
            "R2": 0.34167265538539937,
            "MSE": 297.9099828470807,
            "RMSE": 17.26006902787705,
            "NRMSE": 0.8113737391699343,
            "MARD": 10.473688332450635,
            "MAE": 12.593331241670782
        }
    }
}