{
    "RandomForest": {
        "best_params": {
            "regressor__max_depth": 2,
            "regressor__n_estimators": 100
        },
        "metrics": {
            "Model": "",
            "R2": 0.367820576064939,
            "MSE": 339.62942986253506,
            "RMSE": 18.429037681402008,
            "NRMSE": 0.7950971160399596,
            "MARD": 11.675367510224454,
            "MAE": 13.849571968766377
        }
    }
}