{
    "RandomForest": {
        "best_params": {
            "regressor__max_depth": 8,
            "regressor__n_estimators": 125
        },
        "metrics": {
            "Model": "",
            "R2": 0.6578700632251522,
            "MSE": 263.68843408267765,
            "RMSE": 16.23848620046455,
            "NRMSE": 0.5849187437369808,
            "MARD": 9.429708105476248,
            "MAE": 10.851573714207696
        }
    }
}