{
    "RandomForest": {
        "best_params": {
            "regressor__max_depth": 2,
            "regressor__n_estimators": 10
        },
        "metrics": {
            "Model": "",
            "R2": 0.2160039077807494,
            "MSE": 443.0940029045101,
            "RMSE": 21.049798167785603,
            "NRMSE": 0.8854355381501527,
            "MARD": 11.51679244124607,
            "MAE": 14.862790753999041
        }
    }
}