{
    "RandomForest": {
        "best_params": {
            "regressor__max_depth": 8,
            "regressor__n_estimators": 100
        },
        "metrics": {
            "Model": "",
            "R2": 0.7199332943951738,
            "MSE": 103.67560025211947,
            "RMSE": 10.182121598769063,
            "NRMSE": 0.5292132893312735,
            "MARD": 8.053994437567349,
            "MAE": 7.53046894093008
        }
    }
}