{
    "RandomForest": {
        "best_params": {
            "regressor__max_depth": 2,
            "regressor__n_estimators": 50
        },
        "metrics": {
            "Model": "",
            "R2": 0.15681876096035063,
            "MSE": 649.8616948465834,
            "RMSE": 25.492385036449285,
            "NRMSE": 0.9182490070997351,
            "MARD": 14.814814965307422,
            "MAE": 17.13996190815011
        }
    }
}