{
    "RandomForest": {
        "best_params": {
            "regressor__max_depth": 8,
            "regressor__n_estimators": 50
        },
        "metrics": {
            "Model": "",
            "R2": 0.9104096509562015,
            "MSE": 23.102916972019866,
            "RMSE": 4.806549383083447,
            "NRMSE": 0.29931646971691755,
            "MARD": 3.183020107421878,
            "MAE": 3.130478440217873
        }
    }
}