{
    "RandomForest": {
        "best_params": {
            "regressor__max_depth": 2,
            "regressor__n_estimators": 100
        },
        "metrics": {
            "Model": "",
            "R2": 0.18116145876479717,
            "MSE": 303.11913402485726,
            "RMSE": 17.41031688467666,
            "NRMSE": 0.9048969782440446,
            "MARD": 13.142010264074722,
            "MAE": 12.510409948222694
        }
    }
}