{
    "XGBoost": {
        "best_params": {
            "regressor__learning_rate": 0.3,
            "regressor__max_depth": 2,
            "regressor__n_estimators": 10
        },
        "metrics": {
            "Model": "",
            "R2": 0.4498960990745495,
            "MSE": 220.3761203449272,
            "RMSE": 14.845070573928815,
            "NRMSE": 0.7416898953912279,
            "MARD": 9.1224953578147,
            "MAE": 11.549244605993376
        }
    }
}