{
    "XGBoost_Tuned": {
        "best_params": {
            "regressor__colsample_bytree": 1.0,
            "regressor__gamma": 0.5,
            "regressor__learning_rate": 0.1,
            "regressor__max_depth": 7,
            "regressor__min_child_weight": 3,
            "regressor__n_estimators": 60,
            "regressor__subsample": 1.0
        },
        "cv_metrics": {
            "cv_R2_train": 0.5295771846838603,
            "cv_R2_test": 0.9692683586281101
        },
        "prediction_metrics": {
            "Model": "",
            "R2": 0.9615455938919814,
            "MSE": 18.670061931821518,
            "RMSE": 4.3208867066635195,
            "NRMSE": 0.1960979502902022,
            "MARD": 2.5590503343712117,
            "MAE": 3.208379413047907
        }
    }
}